order_id,order_timestamp,sku_id,picker_id,travel_distance_m,movement_timestamp,time_diff,velocity
ORD-E16542,2024-01-01 19:11:05,SKU-10785,PICKER-07,24.09,2024-01-01 19:13:05,1.0,24.09
ORD-1D7F7A,2024-01-01 19:50:34,SKU-10270,PICKER-07,16.13,2024-01-01 19:52:34,0.0,inf
ORD-07CDFD,2024-01-03 20:38:29,SKU-10317,PICKER-07,9.93,2024-01-03 20:40:29,0.0,inf
ORD-AAB323,2024-01-04 18:43:57,SKU-10314,PICKER-07,12.34,2024-01-04 18:45:57,0.0,inf
ORD-138597,2024-01-06 20:09:48,SKU-10706,PICKER-07,27.67,2024-01-06 20:11:48,0.0,inf
ORD-D09BF4,2024-01-08 21:26:54,SKU-10273,PICKER-07,16.81,2024-01-08 21:28:54,0.0,inf
ORD-6C8349,2024-01-09 18:27:22,SKU-10375,PICKER-07,19.94,2024-01-09 18:29:22,0.0,inf
ORD-084B6F,2024-01-11 18:59:19,SKU-10628,PICKER-07,11.35,2024-01-11 19:01:19,0.0,inf
ORD-9F6140,2024-01-12 19:22:30,SKU-10106,PICKER-07,24.44,2024-01-12 19:24:30,0.0,inf
ORD-757B50,2024-01-13 20:34:12,SKU-10259,PICKER-07,15.3,2024-01-13 20:36:12,0.0,inf
ORD-698D51,2024-01-14 18:43:31,SKU-10129,PICKER-07,9.31,2024-01-14 18:45:31,0.0,inf
ORD-698D51,2024-01-14 18:43:31,SKU-10177,PICKER-07,21.2,2024-01-14 18:45:31,0.0,inf
ORD-0A09C8,2024-01-17 17:58:06,SKU-10642,PICKER-07,7.15,2024-01-17 18:00:06,0.0,inf
ORD-D82C8D,2024-01-17 20:40:06,SKU-10548,PICKER-07,8.43,2024-01-17 20:42:06,0.0,inf
ORD-D1C38A,2024-01-18 16:10:23,SKU-10661,PICKER-07,24.1,2024-01-18 16:12:23,0.0,inf
ORD-EB1637,2024-01-18 18:59:05,SKU-10581,PICKER-07,16.01,2024-01-18 19:01:05,0.0,inf
ORD-96DA2F,2024-01-19 17:11:29,SKU-10364,PICKER-07,21.55,2024-01-19 17:13:29,0.0,inf
ORD-F0935E,2024-01-20 21:00:37,SKU-10352,PICKER-07,25.31,2024-01-20 21:02:37,0.0,inf
ORD-7F39F8,2024-01-20 22:37:44,SKU-10130,PICKER-07,25.44,2024-01-20 22:39:44,0.0,inf
ORD-F76640,2024-01-21 19:12:38,SKU-10552,PICKER-07,14.72,2024-01-21 19:14:38,0.0,inf
ORD-85D8CE,2024-01-21 19:37:22,SKU-10580,PICKER-07,29.66,2024-01-21 19:39:22,1.0,29.66
ORD-C52F1B,2024-01-21 19:37:28,SKU-10323,PICKER-07,11.81,2024-01-21 19:39:28,0.0,inf
ORD-8F5329,2024-01-23 21:09:52,SKU-10232,PICKER-07,16.99,2024-01-23 21:11:52,0.0,inf
ORD-8F5329,2024-01-23 21:09:52,SKU-10344,PICKER-07,19.55,2024-01-23 21:11:52,0.0,inf
ORD-6EA9AB,2024-01-24 20:40:55,SKU-10042,PICKER-07,17.3,2024-01-24 20:42:55,0.0,inf
ORD-92CC22,2024-01-24 21:13:39,SKU-10319,PICKER-07,13.34,2024-01-24 21:15:39,0.0,inf
ORD-1D7F7A,2024-01-25 18:31:24,SKU-10218,PICKER-07,6.34,2024-01-25 18:33:24,0.0,inf
ORD-C0C7C7,2024-01-25 23:02:44,SKU-10118,PICKER-07,27.73,2024-01-25 23:04:44,0.0,inf
ORD-9B8619,2024-01-26 20:43:04,SKU-10065,PICKER-07,21.59,2024-01-26 20:45:04,0.0,inf
ORD-E2C420,2024-01-28 21:20:17,SKU-10264,PICKER-07,8.74,2024-01-28 21:22:17,0.0,inf
ORD-FA7CDF,2024-01-31 18:08:00,SKU-10100,PICKER-07,19.34,2024-01-31 18:10:00,0.0,inf
ORD-11B984,2024-02-02 19:42:13,SKU-10550,PICKER-07,21.24,2024-02-02 19:44:13,0.0,inf
ORD-1FF8A7,2024-02-02 20:07:45,SKU-10064,PICKER-07,5.16,2024-02-02 20:09:45,0.0,inf
ORD-26E359,2024-02-02 20:26:33,SKU-10176,PICKER-07,13.72,2024-02-02 20:28:33,0.0,inf
ORD-A8BAA5,2024-02-03 19:15:26,SKU-10378,PICKER-07,9.25,2024-02-03 19:17:26,0.0,inf
ORD-918890,2024-02-03 21:47:21,SKU-10604,PICKER-07,15.49,2024-02-03 21:49:21,2.0,7.745
ORD-3988C7,2024-02-04 17:37:08,SKU-10601,PICKER-07,23.87,2024-02-04 17:39:08,0.0,inf
ORD-B1A59B,2024-02-04 17:43:42,SKU-10348,PICKER-07,21.07,2024-02-04 17:45:42,0.0,inf
ORD-A8C88A,2024-02-04 19:48:52,SKU-10449,PICKER-07,17.81,2024-02-04 19:50:52,0.0,inf
ORD-82AA4B,2024-02-06 17:04:16,SKU-10235,PICKER-07,23.25,2024-02-06 17:06:16,0.0,inf
ORD-060AD9,2024-02-06 18:12:51,SKU-10499,PICKER-07,23.43,2024-02-06 18:14:51,0.0,inf
ORD-68D30A,2024-02-06 21:54:59,SKU-10219,PICKER-07,23.66,2024-02-06 21:56:59,3.0,7.886666666666667
ORD-CEDEBB,2024-02-07 19:14:46,SKU-10184,PICKER-07,17.61,2024-02-07 19:16:46,0.0,inf
ORD-32BB90,2024-02-07 20:44:08,SKU-10208,PICKER-07,8.79,2024-02-07 20:46:08,0.0,inf
ORD-1534B7,2024-02-07 21:55:11,SKU-10266,PICKER-07,18.15,2024-02-07 21:57:11,0.0,inf
ORD-37A749,2024-02-08 18:39:09,SKU-10310,PICKER-07,29.48,2024-02-08 18:41:09,0.0,inf
ORD-96DA2F,2024-02-08 19:23:29,SKU-10152,PICKER-07,12.57,2024-02-08 19:25:29,0.0,inf
ORD-283802,2024-02-09 16:29:05,SKU-10548,PICKER-07,24.18,2024-02-09 16:31:05,0.0,inf
ORD-AD13A2,2024-02-10 21:29:36,SKU-10214,PICKER-07,7.31,2024-02-10 21:31:36,0.0,inf
ORD-BC6DC4,2024-02-11 18:34:04,SKU-10402,PICKER-07,24.91,2024-02-11 18:36:04,1.0,24.91
ORD-BC6DC4,2024-02-11 18:34:04,SKU-10245,PICKER-07,24.47,2024-02-11 18:36:04,0.0,inf
ORD-EECCA5,2024-02-11 18:56:19,SKU-10764,PICKER-07,22.59,2024-02-11 18:58:19,0.0,inf
ORD-C45147,2024-02-14 21:40:44,SKU-10341,PICKER-07,15.53,2024-02-14 21:42:44,0.0,inf
ORD-BF8229,2024-02-15 20:42:52,SKU-10658,PICKER-07,19.38,2024-02-15 20:44:52,0.0,inf
ORD-289DFF,2024-02-16 18:42:58,SKU-10371,PICKER-07,18.02,2024-02-16 18:44:58,0.0,inf
ORD-C0E190,2024-02-16 20:32:50,SKU-10665,PICKER-07,26.8,2024-02-16 20:34:50,0.0,inf
ORD-BE83AB,2024-02-17 21:55:26,SKU-10292,PICKER-07,18.64,2024-02-17 21:57:26,0.0,inf
ORD-3DEF18,2024-02-18 18:07:50,SKU-10173,PICKER-07,26.73,2024-02-18 18:09:50,2.0,13.365
ORD-3DEF18,2024-02-18 18:07:50,SKU-10710,PICKER-07,12.9,2024-02-18 18:09:50,0.0,inf
ORD-0E6597,2024-02-22 21:16:07,SKU-10162,PICKER-07,24.97,2024-02-22 21:18:07,0.0,inf
ORD-3295C7,2024-02-23 18:37:45,SKU-10270,PICKER-07,11.23,2024-02-23 18:39:45,0.0,inf
ORD-07E1CD,2024-02-27 20:12:31,SKU-10383,PICKER-07,23.22,2024-02-27 20:14:31,0.0,inf
ORD-9778D5,2024-02-28 20:24:41,SKU-10121,PICKER-07,26.99,2024-02-28 20:26:41,0.0,inf
ORD-757B50,2024-03-01 17:06:49,SKU-10361,PICKER-07,26.24,2024-03-01 17:08:49,0.0,inf
ORD-F9B902,2024-03-01 18:21:44,SKU-10123,PICKER-07,11.66,2024-03-01 18:23:44,0.0,inf
ORD-F73B76,2024-03-02 20:49:50,SKU-10602,PICKER-07,27.96,2024-03-02 20:51:50,4.0,6.99
ORD-74DB12,2024-03-03 18:39:59,SKU-10507,PICKER-07,22.1,2024-03-03 18:41:59,0.0,inf
ORD-F73B76,2024-03-03 21:55:28,SKU-10499,PICKER-07,11.89,2024-03-03 21:57:28,0.0,inf
ORD-EECCA5,2024-03-07 18:11:10,SKU-10241,PICKER-07,6.32,2024-03-07 18:13:10,0.0,inf
ORD-07E1CD,2024-03-08 17:26:44,SKU-10142,PICKER-07,27.07,2024-03-08 17:28:44,0.0,inf
ORD-92CC22,2024-03-09 19:25:14,SKU-10275,PICKER-07,20.91,2024-03-09 19:27:14,0.0,inf
ORD-289DFF,2024-03-12 17:48:42,SKU-10284,PICKER-07,29.21,2024-03-12 17:50:42,0.0,inf
ORD-C24CD7,2024-03-14 19:17:49,SKU-10055,PICKER-07,5.26,2024-03-14 19:19:49,0.0,inf
ORD-BD686F,2024-03-14 20:37:32,SKU-10615,PICKER-07,7.64,2024-03-14 20:39:32,0.0,inf
ORD-93DB85,2024-03-14 20:49:45,SKU-10401,PICKER-07,15.75,2024-03-14 20:51:45,0.0,inf
ORD-68D30A,2024-03-15 17:22:17,SKU-10543,PICKER-07,13.61,2024-03-15 17:24:17,0.0,inf
ORD-FBD793,2024-03-15 19:03:11,SKU-10201,PICKER-07,21.27,2024-03-15 19:05:11,0.0,inf
ORD-FC2213,2024-03-15 22:32:29,SKU-10493,PICKER-07,19.22,2024-03-15 22:34:29,0.0,inf
ORD-060AD9,2024-03-16 16:38:22,SKU-10765,PICKER-07,7.46,2024-03-16 16:40:22,0.0,inf
ORD-5B8ADD,2024-03-16 19:38:26,SKU-10516,PICKER-07,7.75,2024-03-16 19:40:26,0.0,inf
ORD-335F53,2024-03-17 20:27:28,SKU-10286,PICKER-07,11.31,2024-03-17 20:29:28,0.0,inf
ORD-26657D,2024-03-21 16:18:26,SKU-10277,PICKER-07,20.93,2024-03-21 16:20:26,0.0,inf
ORD-38DB3A,2024-03-21 20:49:52,SKU-10505,PICKER-07,26.9,2024-03-21 20:51:52,0.0,inf
ORD-202CB9,2024-03-21 21:02:58,SKU-10199,PICKER-07,15.89,2024-03-21 21:04:58,2.0,7.945
ORD-091D58,2024-03-22 19:57:30,SKU-10791,PICKER-07,21.38,2024-03-22 19:59:30,0.0,inf
ORD-EAE27D,2024-03-23 19:59:19,SKU-10463,PICKER-07,23.2,2024-03-23 20:01:19,0.0,inf
ORD-918890,2024-03-23 20:03:41,SKU-10684,PICKER-07,16.1,2024-03-23 20:05:41,0.0,inf
ORD-8F8551,2024-03-24 18:18:26,SKU-10461,PICKER-07,21.98,2024-03-24 18:20:26,0.0,inf
ORD-FE131D,2024-03-25 21:57:33,SKU-10572,PICKER-07,17.17,2024-03-25 21:59:33,0.0,inf
ORD-26657D,2024-03-26 16:48:07,SKU-10549,PICKER-07,29.13,2024-03-26 16:50:07,0.0,inf
ORD-BD4C9A,2024-03-28 19:25:48,SKU-10068,PICKER-07,6.93,2024-03-28 19:27:48,0.0,inf
ORD-53C3BC,2024-03-30 19:28:15,SKU-10026,PICKER-07,6.16,2024-03-30 19:30:15,0.0,inf
ORD-DB8E1A,2024-03-31 20:48:16,SKU-10658,PICKER-07,6.87,2024-03-31 20:50:16,0.0,inf
ORD-819F46,2024-04-01 20:21:09,SKU-10380,PICKER-07,10.4,2024-04-01 20:23:09,0.0,inf
ORD-0F49C8,2024-04-01 21:18:34,SKU-10408,PICKER-07,18.94,2024-04-01 21:20:34,0.0,inf
ORD-274AD4,2024-04-02 19:03:59,SKU-10366,PICKER-07,13.77,2024-04-02 19:05:59,0.0,inf
ORD-48AEDB,2024-04-02 19:04:02,SKU-10134,PICKER-07,17.02,2024-04-02 19:06:02,3.0,5.673333333333333
ORD-903CE9,2024-04-02 19:37:47,SKU-10721,PICKER-07,11.13,2024-04-02 19:39:47,0.0,inf
ORD-EECCA5,2024-04-02 20:22:55,SKU-10330,PICKER-07,6.47,2024-04-02 20:24:55,0.0,inf
ORD-7F6FFA,2024-04-02 21:03:17,SKU-10719,PICKER-07,26.93,2024-04-02 21:05:17,0.0,inf
ORD-5FD0B3,2024-04-02 21:29:58,SKU-10416,PICKER-07,12.42,2024-04-02 21:31:58,1.0,12.42
ORD-496E05,2024-04-03 17:11:20,SKU-10458,PICKER-07,23.91,2024-04-03 17:13:20,0.0,inf
ORD-F61D69,2024-04-03 19:13:50,SKU-10511,PICKER-07,13.24,2024-04-03 19:15:50,0.0,inf
ORD-57AEEE,2024-04-03 21:16:10,SKU-10028,PICKER-07,14.45,2024-04-03 21:18:10,0.0,inf
ORD-045117,2024-04-04 19:52:36,SKU-10399,PICKER-07,29.39,2024-04-04 19:54:36,0.0,inf
ORD-19F3CD,2024-04-05 17:07:52,SKU-10322,PICKER-07,10.53,2024-04-05 17:09:52,0.0,inf
ORD-E4A622,2024-04-05 21:17:16,SKU-10433,PICKER-07,8.26,2024-04-05 21:19:16,0.0,inf
ORD-E4A622,2024-04-06 19:01:48,SKU-10646,PICKER-07,29.91,2024-04-06 19:03:48,0.0,inf
ORD-274AD4,2024-04-09 20:05:14,SKU-10784,PICKER-07,17.32,2024-04-09 20:07:14,0.0,inf
ORD-E96ED4,2024-04-10 17:03:37,SKU-10163,PICKER-07,11.67,2024-04-10 17:05:37,0.0,inf
ORD-A2557A,2024-04-10 18:49:39,SKU-10577,PICKER-07,23.1,2024-04-10 18:51:39,0.0,inf
ORD-06EB61,2024-04-11 19:22:55,SKU-10401,PICKER-07,17.98,2024-04-11 19:24:55,0.0,inf
ORD-06138B,2024-04-13 19:52:54,SKU-10719,PICKER-07,20.2,2024-04-13 19:54:54,0.0,inf
ORD-D96409,2024-04-13 20:00:11,SKU-10344,PICKER-07,20.55,2024-04-13 20:02:11,0.0,inf
ORD-53C3BC,2024-04-13 20:40:07,SKU-10022,PICKER-07,28.57,2024-04-13 20:42:07,0.0,inf
ORD-158F30,2024-04-14 21:07:44,SKU-10278,PICKER-07,21.28,2024-04-14 21:09:44,0.0,inf
ORD-158F30,2024-04-14 21:07:44,SKU-10298,PICKER-07,29.16,2024-04-14 21:09:44,0.0,inf
ORD-821612,2024-04-15 20:27:33,SKU-10340,PICKER-07,22.72,2024-04-15 20:29:33,3.0,7.573333333333333
ORD-8D5E95,2024-04-15 20:55:47,SKU-10457,PICKER-07,6.35,2024-04-15 20:57:47,0.0,inf
ORD-8C19F5,2024-04-17 19:26:18,SKU-10561,PICKER-07,28.91,2024-04-17 19:28:18,0.0,inf
ORD-013D40,2024-04-17 20:57:58,SKU-10272,PICKER-07,8.97,2024-04-17 20:59:58,0.0,inf
ORD-5B8ADD,2024-04-20 20:13:49,SKU-10685,PICKER-07,15.42,2024-04-20 20:15:49,0.0,inf
ORD-A5E001,2024-04-24 18:25:21,SKU-10484,PICKER-07,7.8,2024-04-24 18:27:21,0.0,inf
ORD-9DCB88,2024-04-26 21:33:11,SKU-10175,PICKER-07,27.45,2024-04-26 21:35:11,0.0,inf
ORD-077E29,2024-04-27 21:56:54,SKU-10089,PICKER-07,6.27,2024-04-27 21:58:54,0.0,inf
ORD-138597,2024-04-28 19:01:16,SKU-10418,PICKER-07,5.94,2024-04-28 19:03:16,0.0,inf
ORD-0266E3,2024-04-28 21:22:19,SKU-10139,PICKER-07,16.26,2024-04-28 21:24:19,0.0,inf
ORD-E96ED4,2024-05-01 21:57:41,SKU-10163,PICKER-07,5.14,2024-05-01 21:59:41,0.0,inf
ORD-1534B7,2024-05-02 18:58:16,SKU-10149,PICKER-07,18.74,2024-05-02 19:00:16,2.0,9.37
ORD-F71849,2024-05-02 19:15:36,SKU-10681,PICKER-07,18.33,2024-05-02 19:17:36,0.0,inf
ORD-E3796A,2024-05-02 19:54:28,SKU-10445,PICKER-07,20.39,2024-05-02 19:56:28,1.0,20.39
ORD-E3796A,2024-05-02 19:54:28,SKU-10367,PICKER-07,14.53,2024-05-02 19:56:28,0.0,inf
ORD-BD686F,2024-05-02 20:02:51,SKU-10594,PICKER-07,8.65,2024-05-02 20:04:51,0.0,inf
ORD-335F53,2024-05-02 20:14:50,SKU-10544,PICKER-07,19.32,2024-05-02 20:16:50,0.0,inf
ORD-5737C6,2024-05-03 19:00:27,SKU-10600,PICKER-07,6.46,2024-05-03 19:02:27,0.0,inf
ORD-EAE27D,2024-05-03 21:05:15,SKU-10320,PICKER-07,29.47,2024-05-03 21:07:15,0.0,inf
ORD-5878A7,2024-05-05 18:17:22,SKU-10285,PICKER-07,7.59,2024-05-05 18:19:22,0.0,inf
ORD-3FE94A,2024-05-06 20:01:07,SKU-10712,PICKER-07,6.99,2024-05-06 20:03:07,0.0,inf
ORD-19F3CD,2024-05-07 17:01:25,SKU-10460,PICKER-07,26.84,2024-05-07 17:03:25,0.0,inf
ORD-57AEEE,2024-05-07 18:23:57,SKU-10573,PICKER-07,17.2,2024-05-07 18:25:57,0.0,inf
ORD-74DB12,2024-05-07 22:08:08,SKU-10550,PICKER-07,12.88,2024-05-07 22:10:08,0.0,inf
ORD-EDA80A,2024-05-09 18:52:56,SKU-10272,PICKER-07,19.38,2024-05-09 18:54:56,0.0,inf
ORD-3AD7C2,2024-05-09 19:02:43,SKU-10683,PICKER-07,28.86,2024-05-09 19:04:43,0.0,inf
ORD-F9B902,2024-05-10 18:47:29,SKU-10557,PICKER-07,17.0,2024-05-10 18:49:29,0.0,inf
ORD-B73CE3,2024-05-11 19:01:17,SKU-10467,PICKER-07,29.21,2024-05-11 19:03:17,0.0,inf
ORD-2F2B26,2024-05-11 19:28:12,SKU-10413,PICKER-07,26.85,2024-05-11 19:30:12,0.0,inf
ORD-2F2B26,2024-05-11 19:28:12,SKU-10540,PICKER-07,24.35,2024-05-11 19:30:12,0.0,inf
ORD-274AD4,2024-05-12 17:37:11,SKU-10278,PICKER-07,28.68,2024-05-12 17:39:11,0.0,inf
ORD-82CEC9,2024-05-12 17:48:27,SKU-10116,PICKER-07,17.56,2024-05-12 17:50:27,0.0,inf
ORD-EF0D39,2024-05-13 21:38:53,SKU-10462,PICKER-07,22.21,2024-05-13 21:40:53,0.0,inf
ORD-F22170,2024-05-15 18:18:39,SKU-10768,PICKER-07,11.35,2024-05-15 18:20:39,0.0,inf
ORD-8F5329,2024-05-15 19:56:32,SKU-10334,PICKER-07,7.92,2024-05-15 19:58:32,0.0,inf
ORD-D6BAF6,2024-05-15 20:56:17,SKU-10425,PICKER-07,10.63,2024-05-15 20:58:17,0.0,inf
ORD-F340F1,2024-05-15 21:09:40,SKU-10078,PICKER-07,16.36,2024-05-15 21:11:40,0.0,inf
ORD-EDDEA8,2024-05-18 19:21:52,SKU-10596,PICKER-07,11.82,2024-05-18 19:23:52,0.0,inf
ORD-7EABE3,2024-05-21 20:25:23,SKU-10295,PICKER-07,29.36,2024-05-21 20:27:23,3.0,9.786666666666667
ORD-D947BF,2024-05-21 21:04:47,SKU-10575,PICKER-07,28.0,2024-05-21 21:06:47,0.0,inf
ORD-C3E878,2024-05-26 19:15:40,SKU-10765,PICKER-07,13.43,2024-05-26 19:17:40,0.0,inf
ORD-D296C1,2024-05-27 20:22:37,SKU-10238,PICKER-07,6.05,2024-05-27 20:24:37,0.0,inf
ORD-20F075,2024-05-30 19:16:43,SKU-10789,PICKER-07,19.53,2024-05-30 19:18:43,0.0,inf
ORD-BBCBFF,2024-06-02 16:25:31,SKU-10020,PICKER-07,11.24,2024-06-02 16:27:31,0.0,inf
ORD-D1C38A,2024-06-02 19:36:54,SKU-10057,PICKER-07,27.05,2024-06-02 19:38:54,0.0,inf
ORD-1A5B1E,2024-06-02 19:42:09,SKU-10684,PICKER-07,29.53,2024-06-02 19:44:09,0.0,inf
ORD-577EF1,2024-06-02 21:40:04,SKU-10073,PICKER-07,15.51,2024-06-02 21:42:04,0.0,inf
ORD-B73CE3,2024-06-02 21:45:04,SKU-10495,PICKER-07,27.06,2024-06-02 21:47:04,0.0,inf
ORD-E2C0BE,2024-06-03 17:05:05,SKU-10421,PICKER-07,6.01,2024-06-03 17:07:05,0.0,inf
ORD-577EF1,2024-06-03 19:42:23,SKU-10180,PICKER-07,18.28,2024-06-03 19:44:23,0.0,inf
ORD-B73CE3,2024-06-07 20:40:25,SKU-10452,PICKER-07,21.32,2024-06-07 20:42:25,0.0,inf
ORD-82CEC9,2024-06-07 20:51:22,SKU-10412,PICKER-07,11.92,2024-06-07 20:53:22,2.0,5.96
ORD-289DFF,2024-06-09 18:56:57,SKU-10508,PICKER-07,19.5,2024-06-09 18:58:57,0.0,inf
ORD-D39577,2024-06-11 20:07:58,SKU-10657,PICKER-07,21.51,2024-06-11 20:09:58,0.0,inf
ORD-57AEEE,2024-06-11 22:24:26,SKU-10383,PICKER-07,20.94,2024-06-11 22:26:26,0.0,inf
ORD-36660E,2024-06-18 20:21:40,SKU-10136,PICKER-07,12.31,2024-06-18 20:23:40,0.0,inf
ORD-19F3CD,2024-06-20 17:05:22,SKU-10573,PICKER-07,10.86,2024-06-20 17:07:22,0.0,inf
ORD-58A2FC,2024-06-22 16:30:44,SKU-10485,PICKER-07,10.11,2024-06-22 16:32:44,0.0,inf
ORD-FC2213,2024-06-22 22:54:37,SKU-10524,PICKER-07,13.49,2024-06-22 22:56:37,0.0,inf
ORD-39461A,2024-06-23 18:00:03,SKU-10179,PICKER-07,29.91,2024-06-23 18:02:03,0.0,inf
ORD-A4F236,2024-06-26 16:08:55,SKU-10362,PICKER-07,25.79,2024-06-26 16:10:55,0.0,inf
ORD-26E359,2024-06-28 19:53:46,SKU-10431,PICKER-07,5.96,2024-06-28 19:55:46,0.0,inf
ORD-688396,2024-06-29 20:26:17,SKU-10177,PICKER-07,16.5,2024-06-29 20:28:17,0.0,inf
ORD-63923F,2024-06-29 20:40:08,SKU-10506,PICKER-07,6.87,2024-06-29 20:42:08,0.0,inf
ORD-854D6F,2024-06-30 18:44:20,SKU-10381,PICKER-07,8.26,2024-06-30 18:46:20,0.0,inf
ORD-E8C065,2024-07-01 17:12:17,SKU-10652,PICKER-07,8.4,2024-07-01 17:14:17,0.0,inf
ORD-EC8CE6,2024-07-01 20:12:38,SKU-10758,PICKER-07,26.27,2024-07-01 20:14:38,2.0,13.135
ORD-390597,2024-07-02 22:15:56,SKU-10570,PICKER-07,29.82,2024-07-02 22:17:56,2.0,14.91
ORD-FE131D,2024-07-03 17:28:47,SKU-10753,PICKER-07,23.35,2024-07-03 17:30:47,0.0,inf
ORD-8F121C,2024-07-03 19:43:44,SKU-10749,PICKER-07,15.96,2024-07-03 19:45:44,0.0,inf
ORD-03C6B0,2024-07-04 19:37:06,SKU-10190,PICKER-07,15.12,2024-07-04 19:39:06,0.0,inf
ORD-6C9882,2024-07-05 22:26:49,SKU-10456,PICKER-07,23.51,2024-07-05 22:28:49,0.0,inf
ORD-758874,2024-07-06 19:47:06,SKU-10546,PICKER-07,13.64,2024-07-06 19:49:06,0.0,inf
ORD-4F4ADC,2024-07-07 16:57:11,SKU-10508,PICKER-07,6.85,2024-07-07 16:59:11,0.0,inf
ORD-0AA188,2024-07-09 19:06:44,SKU-10506,PICKER-07,19.71,2024-07-09 19:08:44,0.0,inf
ORD-6C524F,2024-07-09 19:31:31,SKU-10781,PICKER-07,10.11,2024-07-09 19:33:31,0.0,inf
ORD-EB1637,2024-07-09 21:58:51,SKU-10617,PICKER-07,8.87,2024-07-09 22:00:51,0.0,inf
ORD-EB1637,2024-07-09 21:58:51,SKU-10126,PICKER-07,14.3,2024-07-09 22:00:51,0.0,inf
ORD-DC912A,2024-07-11 16:17:08,SKU-10560,PICKER-07,20.64,2024-07-11 16:19:08,0.0,inf
ORD-950A41,2024-07-11 16:25:50,SKU-10423,PICKER-07,10.31,2024-07-11 16:27:50,0.0,inf
ORD-6FAA80,2024-07-11 20:53:45,SKU-10656,PICKER-07,27.43,2024-07-11 20:55:45,0.0,inf
ORD-8EFB10,2024-07-12 20:15:49,SKU-10712,PICKER-07,26.97,2024-07-12 20:17:49,0.0,inf
ORD-357A6F,2024-07-12 21:58:14,SKU-10660,PICKER-07,16.47,2024-07-12 22:00:14,0.0,inf
ORD-189977,2024-07-13 21:54:14,SKU-10158,PICKER-07,24.53,2024-07-13 21:56:14,0.0,inf
ORD-502E4A,2024-07-14 17:08:43,SKU-10357,PICKER-07,19.81,2024-07-14 17:10:43,0.0,inf
ORD-3B8A61,2024-07-14 23:00:34,SKU-10709,PICKER-07,18.29,2024-07-14 23:02:34,0.0,inf
ORD-6DA900,2024-07-15 18:04:44,SKU-10481,PICKER-07,23.38,2024-07-15 18:06:44,0.0,inf
ORD-F71849,2024-07-15 21:38:27,SKU-10713,PICKER-07,19.17,2024-07-15 21:40:27,0.0,inf
ORD-AA942A,2024-07-17 21:12:54,SKU-10055,PICKER-07,9.26,2024-07-17 21:14:54,0.0,inf
ORD-06EB61,2024-07-17 22:28:54,SKU-10594,PICKER-07,24.66,2024-07-17 22:30:54,0.0,inf
ORD-3DD48A,2024-07-18 19:22:34,SKU-10491,PICKER-07,12.47,2024-07-18 19:24:34,0.0,inf
ORD-950A41,2024-07-19 19:32:40,SKU-10463,PICKER-07,21.87,2024-07-19 19:34:40,0.0,inf
ORD-5EF698,2024-07-20 20:13:06,SKU-10399,PICKER-07,29.97,2024-07-20 20:15:06,0.0,inf
ORD-3FE94A,2024-07-20 21:06:55,SKU-10702,PICKER-07,9.62,2024-07-20 21:08:55,0.0,inf
ORD-C86A7E,2024-07-21 20:24:41,SKU-10408,PICKER-07,24.76,2024-07-21 20:26:41,0.0,inf
ORD-289DFF,2024-07-22 20:45:30,SKU-10064,PICKER-07,12.49,2024-07-22 20:47:30,0.0,inf
ORD-289DFF,2024-07-22 20:45:30,SKU-10653,PICKER-07,19.8,2024-07-22 20:47:30,0.0,inf
ORD-D947BF,2024-07-23 19:03:21,SKU-10560,PICKER-07,16.79,2024-07-23 19:05:21,0.0,inf
ORD-4F4ADC,2024-07-24 20:17:34,SKU-10468,PICKER-07,7.0,2024-07-24 20:19:34,0.0,inf
ORD-154384,2024-07-25 18:33:56,SKU-10613,PICKER-07,13.44,2024-07-25 18:35:56,0.0,inf
ORD-8DD48D,2024-07-25 21:12:11,SKU-10585,PICKER-07,16.46,2024-07-25 21:14:11,0.0,inf
ORD-950A41,2024-07-25 22:56:25,SKU-10778,PICKER-07,16.38,2024-07-25 22:58:25,0.0,inf
ORD-CFA086,2024-07-25 23:27:50,SKU-10780,PICKER-07,14.4,2024-07-25 23:29:50,0.0,inf
ORD-9CFDF1,2024-07-27 17:10:45,SKU-10033,PICKER-07,9.88,2024-07-27 17:12:45,0.0,inf
ORD-577EF1,2024-07-29 19:50:43,SKU-10217,PICKER-07,21.66,2024-07-29 19:52:43,0.0,inf
ORD-335F53,2024-07-31 20:27:02,SKU-10653,PICKER-07,17.81,2024-07-31 20:29:02,0.0,inf
ORD-9431C8,2024-08-01 20:35:59,SKU-10500,PICKER-07,26.29,2024-08-01 20:37:59,0.0,inf
ORD-B2EB73,2024-08-02 20:44:07,SKU-10369,PICKER-07,28.28,2024-08-02 20:46:07,0.0,inf
ORD-076A0C,2024-08-03 19:52:14,SKU-10456,PICKER-07,19.57,2024-08-03 19:54:14,0.0,inf
ORD-46922A,2024-08-03 20:34:39,SKU-10356,PICKER-07,28.78,2024-08-03 20:36:39,0.0,inf
ORD-74071A,2024-08-03 23:44:01,SKU-10167,PICKER-07,10.15,2024-08-03 23:46:01,0.0,inf
ORD-C0E190,2024-08-04 19:37:29,SKU-10160,PICKER-07,25.42,2024-08-04 19:39:29,0.0,inf
ORD-BCA82E,2024-08-04 20:17:00,SKU-10645,PICKER-07,7.2,2024-08-04 20:19:00,0.0,inf
ORD-BBCBFF,2024-08-05 18:25:52,SKU-10300,PICKER-07,27.72,2024-08-05 18:27:52,0.0,inf
ORD-C24CD7,2024-08-05 19:45:05,SKU-10040,PICKER-07,29.96,2024-08-05 19:47:05,0.0,inf
ORD-39461A,2024-08-06 17:14:57,SKU-10104,PICKER-07,26.7,2024-08-06 17:16:57,0.0,inf
ORD-D96409,2024-08-06 21:14:59,SKU-10233,PICKER-07,16.14,2024-08-06 21:16:59,0.0,inf
ORD-F9B902,2024-08-08 20:25:02,SKU-10320,PICKER-07,26.95,2024-08-08 20:27:02,0.0,inf
ORD-37BC2F,2024-08-08 22:22:22,SKU-10093,PICKER-07,29.88,2024-08-08 22:24:22,0.0,inf
ORD-C203D8,2024-08-10 20:41:17,SKU-10748,PICKER-07,13.25,2024-08-10 20:43:17,0.0,inf
ORD-B1A59B,2024-08-10 21:42:03,SKU-10604,PICKER-07,18.34,2024-08-10 21:44:03,0.0,inf
ORD-C86A7E,2024-08-11 19:58:39,SKU-10707,PICKER-07,7.5,2024-08-11 20:00:39,0.0,inf
ORD-496E05,2024-08-17 20:24:21,SKU-10108,PICKER-07,25.99,2024-08-17 20:26:21,0.0,inf
ORD-9C838D,2024-08-20 20:43:39,SKU-10640,PICKER-07,24.42,2024-08-20 20:45:39,0.0,inf
ORD-502E4A,2024-08-22 19:02:59,SKU-10731,PICKER-07,16.97,2024-08-22 19:04:59,0.0,inf
ORD-138BB0,2024-08-22 19:09:36,SKU-10310,PICKER-07,28.04,2024-08-22 19:11:36,0.0,inf
ORD-357A6F,2024-08-22 23:44:55,SKU-10652,PICKER-07,17.22,2024-08-22 23:46:55,0.0,inf
ORD-918890,2024-08-23 21:33:05,SKU-10546,PICKER-07,22.1,2024-08-23 21:35:05,0.0,inf
ORD-6EA2EF,2024-08-25 20:38:57,SKU-10172,PICKER-07,20.48,2024-08-25 20:40:57,0.0,inf
ORD-94F6D7,2024-08-25 22:12:29,SKU-10471,PICKER-07,26.83,2024-08-25 22:14:29,0.0,inf
ORD-C203D8,2024-08-26 19:07:06,SKU-10757,PICKER-07,9.43,2024-08-26 19:09:06,0.0,inf
ORD-FAA9AF,2024-08-27 20:04:34,SKU-10073,PICKER-07,8.56,2024-08-27 20:06:34,0.0,inf
ORD-3C7781,2024-08-27 20:09:57,SKU-10604,PICKER-07,18.25,2024-08-27 20:11:57,0.0,inf
ORD-8D3BBA,2024-08-27 22:14:49,SKU-10556,PICKER-07,24.26,2024-08-27 22:16:49,0.0,inf
ORD-FAA9AF,2024-08-29 21:08:41,SKU-10764,PICKER-07,24.91,2024-08-29 21:10:41,0.0,inf
ORD-B3967A,2024-08-29 21:23:08,SKU-10263,PICKER-07,22.1,2024-08-29 21:25:08,0.0,inf
ORD-819F46,2024-09-01 19:52:03,SKU-10294,PICKER-07,7.88,2024-09-01 19:54:03,0.0,inf
ORD-189977,2024-09-01 22:11:22,SKU-10622,PICKER-07,20.14,2024-09-01 22:13:22,0.0,inf
ORD-1BE3BC,2024-09-02 19:55:36,SKU-10573,PICKER-07,5.12,2024-09-02 19:57:36,1.0,5.12
ORD-598B3E,2024-09-03 19:37:02,SKU-10007,PICKER-07,8.62,2024-09-03 19:39:02,0.0,inf
ORD-15DE21,2024-09-03 21:31:54,SKU-10024,PICKER-07,9.73,2024-09-03 21:33:54,0.0,inf
ORD-9DFCD5,2024-09-03 21:58:28,SKU-10151,PICKER-07,8.01,2024-09-03 22:00:28,0.0,inf
ORD-BBF94B,2024-09-04 18:22:16,SKU-10213,PICKER-07,5.36,2024-09-04 18:24:16,0.0,inf
ORD-C52F1B,2024-09-04 21:14:46,SKU-10635,PICKER-07,6.93,2024-09-04 21:16:46,0.0,inf
ORD-2421FC,2024-09-04 21:37:37,SKU-10697,PICKER-07,29.07,2024-09-04 21:39:37,0.0,inf
ORD-A02FFD,2024-09-05 17:36:11,SKU-10561,PICKER-07,15.4,2024-09-05 17:38:11,0.0,inf
ORD-63923F,2024-09-07 20:03:18,SKU-10743,PICKER-07,22.3,2024-09-07 20:05:18,0.0,inf
ORD-577BCC,2024-09-07 20:16:10,SKU-10435,PICKER-07,20.38,2024-09-07 20:18:10,0.0,inf
ORD-D947BF,2024-09-07 22:15:33,SKU-10248,PICKER-07,10.61,2024-09-07 22:17:33,0.0,inf
ORD-D96409,2024-09-08 20:13:43,SKU-10329,PICKER-07,15.29,2024-09-08 20:15:43,0.0,inf
ORD-8D7D8E,2024-09-13 19:51:22,SKU-10266,PICKER-07,20.08,2024-09-13 19:53:22,0.0,inf
ORD-087408,2024-09-14 19:34:54,SKU-10337,PICKER-07,15.9,2024-09-14 19:36:54,0.0,inf
ORD-821FA7,2024-09-18 15:01:25,SKU-10345,PICKER-07,28.35,2024-09-18 15:03:25,0.0,inf
ORD-C042F4,2024-09-20 18:31:42,SKU-10712,PICKER-07,29.01,2024-09-20 18:33:42,0.0,inf
ORD-0C74B7,2024-09-20 19:50:47,SKU-10214,PICKER-07,15.17,2024-09-20 19:52:47,0.0,inf
ORD-2B8A61,2024-09-21 16:43:23,SKU-10289,PICKER-07,26.39,2024-09-21 16:45:23,0.0,inf
ORD-CEE631,2024-09-21 19:10:04,SKU-10270,PICKER-07,19.78,2024-09-21 19:12:04,3.0,6.593333333333334
ORD-CD0069,2024-09-22 21:19:17,SKU-10342,PICKER-07,19.83,2024-09-22 21:21:17,0.0,inf
ORD-11B984,2024-09-23 22:45:21,SKU-10628,PICKER-07,9.18,2024-09-23 22:47:21,0.0,inf
ORD-3FE94A,2024-09-25 18:55:33,SKU-10412,PICKER-07,15.62,2024-09-25 18:57:33,0.0,inf
ORD-0584CE,2024-09-25 21:48:15,SKU-10588,PICKER-07,9.13,2024-09-25 21:50:15,0.0,inf
ORD-598B3E,2024-09-26 18:51:43,SKU-10025,PICKER-07,11.56,2024-09-26 18:53:43,0.0,inf
ORD-4734BA,2024-09-26 20:37:47,SKU-10010,PICKER-07,17.1,2024-09-26 20:39:47,0.0,inf
ORD-8E98D8,2024-09-27 21:14:35,SKU-10055,PICKER-07,26.86,2024-09-27 21:16:35,0.0,inf
ORD-F2FC99,2024-09-28 20:46:14,SKU-10475,PICKER-07,9.2,2024-09-28 20:48:14,0.0,inf
ORD-5A4B25,2024-09-28 22:03:52,SKU-10651,PICKER-07,25.71,2024-09-28 22:05:52,2.0,12.855
ORD-550A14,2024-09-29 17:31:47,SKU-10716,PICKER-07,21.56,2024-09-29 17:33:47,0.0,inf
ORD-D39577,2024-09-30 22:39:26,SKU-10533,PICKER-07,5.03,2024-09-30 22:41:26,0.0,inf
ORD-C6E19E,2024-10-01 19:37:30,SKU-10536,PICKER-07,21.55,2024-10-01 19:39:30,0.0,inf
ORD-DD4585,2024-10-01 20:29:11,SKU-10516,PICKER-07,12.7,2024-10-01 20:31:11,0.0,inf
ORD-2050E0,2024-10-02 19:45:39,SKU-10694,PICKER-07,8.14,2024-10-02 19:47:39,0.0,inf
ORD-75FC09,2024-10-02 21:26:09,SKU-10627,PICKER-07,26.0,2024-10-02 21:28:09,0.0,inf
ORD-A66658,2024-10-03 22:06:47,SKU-10609,PICKER-07,13.56,2024-10-03 22:08:47,0.0,inf
ORD-8E98D8,2024-10-04 19:43:04,SKU-10200,PICKER-07,22.33,2024-10-04 19:45:04,0.0,inf
ORD-EBA0DC,2024-10-05 18:51:26,SKU-10271,PICKER-07,15.0,2024-10-05 18:53:26,0.0,inf
ORD-66808E,2024-10-05 21:43:01,SKU-10202,PICKER-07,14.91,2024-10-05 21:45:01,0.0,inf
ORD-352FE2,2024-10-07 18:39:54,SKU-10013,PICKER-07,18.77,2024-10-07 18:41:54,0.0,inf
ORD-FB7B9F,2024-10-08 19:06:44,SKU-10161,PICKER-07,21.58,2024-10-08 19:08:44,0.0,inf
ORD-AB817C,2024-10-08 20:57:02,SKU-10344,PICKER-07,19.35,2024-10-08 20:59:02,0.0,inf
ORD-E3796A,2024-10-08 21:29:43,SKU-10628,PICKER-07,12.63,2024-10-08 21:31:43,0.0,inf
ORD-816B11,2024-10-10 18:04:13,SKU-10447,PICKER-07,18.81,2024-10-10 18:06:13,0.0,inf
ORD-17D63B,2024-10-13 19:26:59,SKU-10330,PICKER-07,27.38,2024-10-13 19:28:59,0.0,inf
ORD-8E98D8,2024-10-13 23:52:17,SKU-10149,PICKER-07,24.38,2024-10-13 23:54:17,0.0,inf
ORD-8E98D8,2024-10-13 23:52:17,SKU-10229,PICKER-07,27.98,2024-10-13 23:54:17,0.0,inf
ORD-E2230B,2024-10-19 20:03:48,SKU-10159,PICKER-07,6.16,2024-10-19 20:05:48,0.0,inf
ORD-B83AAC,2024-10-19 22:19:25,SKU-10512,PICKER-07,23.23,2024-10-19 22:21:25,0.0,inf
ORD-C058F5,2024-10-20 17:59:51,SKU-10183,PICKER-07,13.34,2024-10-20 18:01:51,0.0,inf
ORD-3FE94A,2024-10-21 18:59:04,SKU-10603,PICKER-07,12.96,2024-10-21 19:01:04,0.0,inf
ORD-E836D8,2024-10-21 21:39:38,SKU-10069,PICKER-07,18.82,2024-10-21 21:41:38,0.0,inf
ORD-950A41,2024-10-22 15:53:58,SKU-10099,PICKER-07,23.14,2024-10-22 15:55:58,0.0,inf
ORD-AA942A,2024-10-22 19:43:05,SKU-10335,PICKER-07,22.31,2024-10-22 19:45:05,0.0,inf
ORD-8EFB10,2024-10-23 19:21:00,SKU-10698,PICKER-07,24.25,2024-10-23 19:23:00,0.0,inf
ORD-250CF8,2024-10-23 20:35:41,SKU-10589,PICKER-07,6.78,2024-10-23 20:37:41,0.0,inf
ORD-250CF8,2024-10-23 20:35:41,SKU-10119,PICKER-07,24.74,2024-10-23 20:37:41,0.0,inf
ORD-C3E878,2024-10-24 19:06:25,SKU-10440,PICKER-07,7.86,2024-10-24 19:08:25,0.0,inf
ORD-1A5B1E,2024-10-24 20:19:29,SKU-10210,PICKER-07,15.53,2024-10-24 20:21:29,0.0,inf
ORD-39461A,2024-10-24 20:34:17,SKU-10394,PICKER-07,9.41,2024-10-24 20:36:17,0.0,inf
ORD-39461A,2024-10-26 20:10:14,SKU-10132,PICKER-07,17.94,2024-10-26 20:12:14,3.0,5.98
ORD-FE73F6,2024-10-29 20:52:56,SKU-10097,PICKER-07,14.01,2024-10-29 20:54:56,0.0,inf
ORD-C203D8,2024-10-30 19:13:55,SKU-10652,PICKER-07,22.98,2024-10-30 19:15:55,0.0,inf
ORD-5A4B25,2024-10-30 21:50:06,SKU-10528,PICKER-07,12.26,2024-10-30 21:52:06,0.0,inf
ORD-A66658,2024-11-02 18:51:45,SKU-10163,PICKER-07,5.78,2024-11-02 18:53:45,1.0,5.78
ORD-1068C6,2024-11-02 20:32:04,SKU-10255,PICKER-07,8.99,2024-11-02 20:34:04,0.0,inf
ORD-0FF803,2024-11-02 21:55:23,SKU-10331,PICKER-07,14.54,2024-11-02 21:57:23,0.0,inf
ORD-CEE631,2024-11-03 20:15:25,SKU-10708,PICKER-07,26.47,2024-11-03 20:17:25,0.0,inf
ORD-816B11,2024-11-04 19:52:29,SKU-10509,PICKER-07,23.88,2024-11-04 19:54:29,0.0,inf
ORD-9DE6D1,2024-11-09 17:35:47,SKU-10351,PICKER-07,9.53,2024-11-09 17:37:47,0.0,inf
ORD-7EACB5,2024-11-09 18:59:48,SKU-10735,PICKER-07,9.37,2024-11-09 19:01:48,0.0,inf
ORD-9AD6AA,2024-11-10 19:09:15,SKU-10460,PICKER-07,16.34,2024-11-10 19:11:15,0.0,inf
ORD-F4F6DC,2024-11-11 19:55:05,SKU-10759,PICKER-07,17.95,2024-11-11 19:57:05,0.0,inf
ORD-877A9B,2024-11-11 20:48:37,SKU-10607,PICKER-07,29.06,2024-11-11 20:50:37,0.0,inf
ORD-0DEB1C,2024-11-13 19:10:33,SKU-10307,PICKER-07,29.64,2024-11-13 19:12:33,0.0,inf
ORD-D1F255,2024-11-13 21:05:13,SKU-10751,PICKER-07,17.52,2024-11-13 21:07:13,0.0,inf
ORD-E7B24B,2024-11-14 19:24:31,SKU-10611,PICKER-07,25.02,2024-11-14 19:26:31,0.0,inf
ORD-9B70E8,2024-11-14 20:16:40,SKU-10074,PICKER-07,23.02,2024-11-14 20:18:40,0.0,inf
ORD-6ECBDD,2024-11-16 21:12:02,SKU-10066,PICKER-07,20.35,2024-11-16 21:14:02,0.0,inf
ORD-41AE36,2024-11-20 20:17:47,SKU-10338,PICKER-07,9.86,2024-11-20 20:19:47,1.0,9.86
ORD-41AE36,2024-11-20 20:17:47,SKU-10184,PICKER-07,12.42,2024-11-20 20:19:47,0.0,inf
ORD-CF004F,2024-11-20 21:06:08,SKU-10644,PICKER-07,12.23,2024-11-20 21:08:08,0.0,inf
ORD-B83AAC,2024-11-21 19:20:02,SKU-10357,PICKER-07,11.99,2024-11-21 19:22:02,0.0,inf
ORD-B83AAC,2024-11-21 19:20:02,SKU-10075,PICKER-07,22.64,2024-11-21 19:22:02,0.0,inf
ORD-9BE40C,2024-11-22 22:00:42,SKU-10062,PICKER-07,17.15,2024-11-22 22:02:42,0.0,inf
ORD-C203D8,2024-11-23 22:10:40,SKU-10251,PICKER-07,17.12,2024-11-23 22:12:40,0.0,inf
ORD-350510,2024-11-24 19:14:09,SKU-10213,PICKER-07,15.96,2024-11-24 19:16:09,0.0,inf
ORD-74071A,2024-11-24 20:27:29,SKU-10166,PICKER-07,25.56,2024-11-24 20:29:29,0.0,inf
ORD-B534BA,2024-11-29 18:14:00,SKU-10522,PICKER-07,27.32,2024-11-29 18:16:00,0.0,inf
ORD-DC912A,2024-11-29 18:58:35,SKU-10156,PICKER-07,21.09,2024-11-29 19:00:35,0.0,inf
ORD-CF004F,2024-11-29 20:06:41,SKU-10662,PICKER-07,24.5,2024-11-29 20:08:41,0.0,inf
ORD-004114,2024-11-30 18:51:33,SKU-10212,PICKER-07,28.26,2024-11-30 18:53:33,0.0,inf
ORD-F4F6DC,2024-11-30 18:52:21,SKU-10385,PICKER-07,20.5,2024-11-30 18:54:21,0.0,inf
ORD-D709F3,2024-11-30 20:25:48,SKU-10758,PICKER-07,11.07,2024-11-30 20:27:48,0.0,inf
ORD-49AE49,2024-12-02 17:49:18,SKU-10455,PICKER-07,17.1,2024-12-02 17:51:18,0.0,inf
ORD-154384,2024-12-02 19:36:13,SKU-10583,PICKER-07,5.65,2024-12-02 19:38:13,0.0,inf
ORD-CCB1D4,2024-12-03 18:26:19,SKU-10494,PICKER-07,28.48,2024-12-03 18:28:19,0.0,inf
ORD-F76A89,2024-12-03 21:09:17,SKU-10144,PICKER-07,28.7,2024-12-03 21:11:17,0.0,inf
ORD-AA942A,2024-12-06 19:18:12,SKU-10194,PICKER-07,7.5,2024-12-06 19:20:12,0.0,inf
ORD-C5FF25,2024-12-07 21:58:13,SKU-10232,PICKER-07,26.29,2024-12-07 22:00:13,0.0,inf
ORD-D64A34,2024-12-08 20:01:09,SKU-10307,PICKER-07,16.5,2024-12-08 20:03:09,0.0,inf
ORD-F76A89,2024-12-08 20:40:16,SKU-10414,PICKER-07,12.2,2024-12-08 20:42:16,0.0,inf
ORD-D7A728,2024-12-08 21:57:48,SKU-10659,PICKER-07,21.16,2024-12-08 21:59:48,0.0,inf
ORD-07563A,2024-12-09 21:05:37,SKU-10361,PICKER-07,22.05,2024-12-09 21:07:37,0.0,inf
ORD-F8C1F2,2024-12-10 16:40:26,SKU-10498,PICKER-07,18.36,2024-12-10 16:42:26,0.0,inf
ORD-F61D69,2024-12-11 17:14:17,SKU-10569,PICKER-07,23.38,2024-12-11 17:16:17,0.0,inf
ORD-0FCBC6,2024-12-13 20:14:21,SKU-10328,PICKER-07,14.1,2024-12-13 20:16:21,0.0,inf
ORD-01F78B,2024-12-13 20:34:22,SKU-10214,PICKER-07,15.09,2024-12-13 20:36:22,0.0,inf
ORD-250CF8,2024-12-14 20:21:27,SKU-10166,PICKER-07,18.77,2024-12-14 20:23:27,0.0,inf
ORD-15DE21,2024-12-16 17:16:37,SKU-10590,PICKER-07,21.43,2024-12-16 17:18:37,0.0,inf
ORD-E44FEA,2024-12-16 19:31:59,SKU-10733,PICKER-07,20.49,2024-12-16 19:33:59,0.0,inf
ORD-EBA0DC,2024-12-18 20:55:52,SKU-10100,PICKER-07,9.76,2024-12-18 20:57:52,0.0,inf
ORD-FF4D5F,2024-12-19 18:01:14,SKU-10202,PICKER-07,9.07,2024-12-19 18:03:14,0.0,inf
ORD-2F5570,2024-12-20 20:28:42,SKU-10370,PICKER-07,20.96,2024-12-20 20:30:42,0.0,inf
ORD-25DDC0,2024-12-23 20:02:25,SKU-10296,PICKER-07,20.21,2024-12-23 20:04:25,0.0,inf
ORD-C41000,2024-12-23 20:28:11,SKU-10158,PICKER-07,14.07,2024-12-23 20:30:11,0.0,inf
ORD-C41000,2024-12-24 18:11:25,SKU-10301,PICKER-07,28.38,2024-12-24 18:13:25,0.0,inf
ORD-49AE49,2024-12-24 19:33:45,SKU-10475,PICKER-07,20.33,2024-12-24 19:35:45,0.0,inf
ORD-EBD962,2024-12-24 19:55:27,SKU-10629,PICKER-07,19.95,2024-12-24 19:57:27,3.0,6.6499999999999995
ORD-9B70E8,2024-12-25 17:09:28,SKU-10754,PICKER-07,26.52,2024-12-25 17:11:28,0.0,inf
ORD-FAA9AF,2024-12-26 19:05:12,SKU-10426,PICKER-07,13.85,2024-12-26 19:07:12,0.0,inf
ORD-37F0E8,2024-12-27 21:30:08,SKU-10179,PICKER-07,17.14,2024-12-27 21:32:08,0.0,inf
ORD-05049E,2024-12-28 19:35:20,SKU-10391,PICKER-07,25.25,2024-12-28 19:37:20,1.0,25.25
ORD-2D6CC4,2024-12-28 22:06:41,SKU-10063,PICKER-07,26.03,2024-12-28 22:08:41,0.0,inf
ORD-FF4D5F,2024-12-29 18:46:59,SKU-10216,PICKER-07,8.79,2024-12-29 18:48:59,0.0,inf
ORD-66808E,2024-12-29 18:57:51,SKU-10724,PICKER-07,25.12,2024-12-29 18:59:51,0.0,inf
ORD-41AE36,2024-12-29 21:16:43,SKU-10280,PICKER-07,28.36,2024-12-29 21:18:43,0.0,inf
ORD-E5F6AD,2024-12-29 23:17:32,SKU-10786,PICKER-07,29.25,2024-12-29 23:19:32,0.0,inf
ORD-019D38,2025-01-02 19:55:31,SKU-10565,PICKER-07,26.58,2025-01-02 19:57:31,5.0,5.316
ORD-019D38,2025-01-02 19:55:31,SKU-10167,PICKER-07,20.94,2025-01-02 19:57:31,0.0,inf
ORD-019D38,2025-01-02 19:55:31,SKU-10037,PICKER-07,22.89,2025-01-02 19:57:31,0.0,inf
ORD-185C29,2025-01-03 16:28:09,SKU-10213,PICKER-07,11.02,2025-01-03 16:30:09,0.0,inf
ORD-F76A89,2025-01-04 22:38:57,SKU-10642,PICKER-07,20.15,2025-01-04 22:40:57,0.0,inf
ORD-ED265B,2025-01-06 18:11:56,SKU-10135,PICKER-07,25.95,2025-01-06 18:13:56,0.0,inf
ORD-FFD52F,2025-01-06 19:18:40,SKU-10750,PICKER-07,6.92,2025-01-06 19:20:40,0.0,inf
ORD-2F5570,2025-01-07 18:30:17,SKU-10318,PICKER-07,9.0,2025-01-07 18:32:17,0.0,inf
ORD-663682,2025-01-08 19:03:20,SKU-10185,PICKER-07,9.4,2025-01-08 19:05:20,0.0,inf
ORD-DF877F,2025-01-09 19:27:59,SKU-10559,PICKER-07,13.35,2025-01-09 19:29:59,0.0,inf
ORD-E8C065,2025-01-10 17:25:36,SKU-10281,PICKER-07,12.84,2025-01-10 17:27:36,0.0,inf
ORD-18D804,2025-01-11 19:49:29,SKU-10604,PICKER-07,11.97,2025-01-11 19:51:29,0.0,inf
ORD-98B297,2025-01-11 20:27:21,SKU-10099,PICKER-07,14.72,2025-01-11 20:29:21,0.0,inf
ORD-189977,2025-01-11 21:20:17,SKU-10615,PICKER-07,5.83,2025-01-11 21:22:17,0.0,inf
ORD-6ACA97,2025-01-12 20:35:59,SKU-10705,PICKER-07,16.8,2025-01-12 20:37:59,0.0,inf
ORD-4E4B5F,2025-01-14 20:19:33,SKU-10123,PICKER-07,12.08,2025-01-14 20:21:33,0.0,inf
ORD-428FCA,2025-01-15 17:16:39,SKU-10748,PICKER-07,14.95,2025-01-15 17:18:39,0.0,inf
ORD-0FCBC6,2025-01-15 18:16:43,SKU-10003,PICKER-07,11.89,2025-01-15 18:18:43,0.0,inf
ORD-A7AEED,2025-01-16 18:42:32,SKU-10210,PICKER-07,15.13,2025-01-16 18:44:32,0.0,inf
ORD-9431C8,2025-01-16 20:52:48,SKU-10724,PICKER-07,13.37,2025-01-16 20:54:48,0.0,inf
ORD-BEED13,2025-01-17 18:03:00,SKU-10545,PICKER-07,6.52,2025-01-17 18:05:00,1.0,6.52
ORD-4F6FFE,2025-01-17 23:19:27,SKU-10790,PICKER-07,9.45,2025-01-17 23:21:27,0.0,inf
ORD-7FE1F8,2025-01-18 20:37:12,SKU-10174,PICKER-07,9.06,2025-01-18 20:39:12,0.0,inf
ORD-6ACA97,2025-01-19 19:59:01,SKU-10637,PICKER-07,21.49,2025-01-19 20:01:01,0.0,inf
ORD-85422A,2025-01-19 21:40:04,SKU-10586,PICKER-07,18.74,2025-01-19 21:42:04,0.0,inf
ORD-F3F27A,2025-01-20 17:29:39,SKU-10346,PICKER-07,23.42,2025-01-20 17:31:39,0.0,inf
ORD-EBD962,2025-01-23 20:02:05,SKU-10727,PICKER-07,29.98,2025-01-23 20:04:05,0.0,inf
ORD-0353AB,2025-01-24 20:09:10,SKU-10383,PICKER-07,11.34,2025-01-24 20:11:10,1.0,11.34
ORD-D7A728,2025-01-25 22:48:55,SKU-10757,PICKER-07,12.69,2025-01-25 22:50:55,0.0,inf
ORD-45645A,2025-01-26 19:17:22,SKU-10599,PICKER-07,18.6,2025-01-26 19:19:22,0.0,inf
ORD-1068C6,2025-01-27 21:21:05,SKU-10347,PICKER-07,16.32,2025-01-27 21:23:05,0.0,inf
ORD-FAA9AF,2025-01-28 18:13:25,SKU-10035,PICKER-07,19.09,2025-01-28 18:15:25,0.0,inf
ORD-B6F047,2025-01-28 21:48:13,SKU-10612,PICKER-07,20.06,2025-01-28 21:50:13,0.0,inf
ORD-18D804,2025-01-29 20:45:45,SKU-10013,PICKER-07,8.73,2025-01-29 20:47:45,0.0,inf
ORD-663682,2025-01-30 18:49:35,SKU-10255,PICKER-07,5.57,2025-01-30 18:51:35,0.0,inf
ORD-218A0A,2025-01-31 20:03:27,SKU-10397,PICKER-07,7.19,2025-01-31 20:05:27,0.0,inf
ORD-854D9F,2025-02-02 20:52:49,SKU-10715,PICKER-07,23.77,2025-02-02 20:54:49,0.0,inf
ORD-63538F,2025-02-03 18:57:49,SKU-10097,PICKER-07,20.96,2025-02-03 18:59:49,0.0,inf
ORD-74071A,2025-02-03 19:21:27,SKU-10650,PICKER-07,10.61,2025-02-03 19:23:27,0.0,inf
ORD-548731,2025-02-03 20:20:03,SKU-10109,PICKER-07,17.61,2025-02-03 20:22:03,2.0,8.805
ORD-C203D8,2025-02-05 20:23:26,SKU-10096,PICKER-07,17.06,2025-02-05 20:25:26,0.0,inf
ORD-B534BA,2025-02-05 20:36:17,SKU-10020,PICKER-07,27.26,2025-02-05 20:38:17,0.0,inf
ORD-D07E70,2025-02-06 20:01:35,SKU-10367,PICKER-07,24.98,2025-02-06 20:03:35,0.0,inf
ORD-5EA164,2025-02-07 21:04:10,SKU-10497,PICKER-07,11.72,2025-02-07 21:06:10,0.0,inf
ORD-CBCB58,2025-02-08 18:33:18,SKU-10297,PICKER-07,29.8,2025-02-08 18:35:18,0.0,inf
ORD-F4F6DC,2025-02-09 20:48:33,SKU-10415,PICKER-07,29.95,2025-02-09 20:50:33,3.0,9.983333333333333
ORD-DD4585,2025-02-10 21:46:57,SKU-10358,PICKER-07,28.54,2025-02-10 21:48:57,0.0,inf
ORD-8FE009,2025-02-11 21:27:00,SKU-10598,PICKER-07,11.0,2025-02-11 21:29:00,0.0,inf
ORD-4FFCE0,2025-02-15 16:10:59,SKU-10625,PICKER-07,18.0,2025-02-15 16:12:59,0.0,inf
ORD-3435C3,2025-02-15 22:46:21,SKU-10084,PICKER-07,7.65,2025-02-15 22:48:21,0.0,inf
ORD-08C543,2025-02-16 16:30:35,SKU-10076,PICKER-07,27.19,2025-02-16 16:32:35,0.0,inf
ORD-A76088,2025-02-16 19:11:31,SKU-10038,PICKER-07,21.05,2025-02-16 19:13:31,0.0,inf
ORD-A516A8,2025-02-16 20:55:16,SKU-10385,PICKER-07,27.85,2025-02-16 20:57:16,5.0,5.57
ORD-D7A728,2025-02-17 22:18:19,SKU-10304,PICKER-07,29.95,2025-02-17 22:20:19,0.0,inf
ORD-2BB232,2025-02-18 17:35:05,SKU-10096,PICKER-07,27.42,2025-02-18 17:37:05,0.0,inf
ORD-019D38,2025-02-21 19:28:55,SKU-10729,PICKER-07,18.85,2025-02-21 19:30:55,0.0,inf
ORD-D61E4B,2025-02-24 22:31:37,SKU-10670,PICKER-07,6.93,2025-02-24 22:33:37,0.0,inf
ORD-A76088,2025-02-25 19:01:08,SKU-10129,PICKER-07,7.99,2025-02-25 19:03:08,0.0,inf
ORD-C361BC,2025-03-01 18:38:36,SKU-10528,PICKER-07,7.03,2025-03-01 18:40:36,0.0,inf
ORD-58AE74,2025-03-01 19:34:40,SKU-10311,PICKER-07,26.43,2025-03-01 19:36:40,0.0,inf
ORD-B534BA,2025-03-01 19:56:24,SKU-10132,PICKER-07,16.64,2025-03-01 19:58:24,0.0,inf
ORD-C9892A,2025-03-02 23:35:09,SKU-10187,PICKER-07,13.79,2025-03-02 23:37:09,0.0,inf
ORD-B534BA,2025-03-05 17:09:56,SKU-10789,PICKER-07,27.55,2025-03-05 17:11:56,0.0,inf
ORD-F770B6,2025-03-05 18:43:12,SKU-10201,PICKER-07,25.99,2025-03-05 18:45:12,0.0,inf
ORD-996A7F,2025-03-05 19:48:19,SKU-10574,PICKER-07,6.76,2025-03-05 19:50:19,0.0,inf
ORD-D07E70,2025-03-05 20:18:23,SKU-10207,PICKER-07,12.33,2025-03-05 20:20:23,0.0,inf
ORD-7380AD,2025-03-06 18:29:02,SKU-10033,PICKER-07,26.3,2025-03-06 18:31:02,0.0,inf
ORD-E8C065,2025-03-07 19:56:25,SKU-10351,PICKER-07,25.89,2025-03-07 19:58:25,0.0,inf
ORD-53FDE9,2025-03-07 20:28:56,SKU-10478,PICKER-07,28.14,2025-03-07 20:30:56,0.0,inf
ORD-33E807,2025-03-08 21:26:22,SKU-10244,PICKER-07,6.31,2025-03-08 21:28:22,0.0,inf
ORD-30EF30,2025-03-09 19:24:14,SKU-10222,PICKER-07,23.88,2025-03-09 19:26:14,0.0,inf
ORD-291597,2025-03-09 22:04:38,SKU-10645,PICKER-07,28.61,2025-03-09 22:06:38,0.0,inf
ORD-CBCB58,2025-03-11 18:10:47,SKU-10085,PICKER-07,15.51,2025-03-11 18:12:47,0.0,inf
ORD-DBE272,2025-03-13 21:57:04,SKU-10044,PICKER-07,5.53,2025-03-13 21:59:04,0.0,inf
ORD-428FCA,2025-03-14 19:11:28,SKU-10015,PICKER-07,12.02,2025-03-14 19:13:28,0.0,inf
ORD-D07E70,2025-03-15 19:44:17,SKU-10376,PICKER-07,14.78,2025-03-15 19:46:17,0.0,inf
ORD-1BE3BC,2025-03-15 20:56:28,SKU-10044,PICKER-07,24.65,2025-03-15 20:58:28,4.0,6.1625
ORD-FAE0B2,2025-03-16 17:03:45,SKU-10594,PICKER-07,20.52,2025-03-16 17:05:45,0.0,inf
ORD-E6B4B2,2025-03-16 18:31:10,SKU-10212,PICKER-07,28.99,2025-03-16 18:33:10,0.0,inf
ORD-6ACA97,2025-03-18 20:10:07,SKU-10142,PICKER-07,21.62,2025-03-18 20:12:07,0.0,inf
ORD-04ECB1,2025-03-21 21:54:19,SKU-10346,PICKER-07,22.16,2025-03-21 21:56:19,0.0,inf
ORD-63538F,2025-03-22 15:37:10,SKU-10733,PICKER-07,12.29,2025-03-22 15:39:10,0.0,inf
ORD-218A0A,2025-03-22 18:18:41,SKU-10088,PICKER-07,7.6,2025-03-22 18:20:41,1.0,7.6
ORD-97E852,2025-03-23 19:53:19,SKU-10156,PICKER-07,16.08,2025-03-23 19:55:19,0.0,inf
ORD-0FF39B,2025-03-23 22:15:19,SKU-10261,PICKER-07,17.24,2025-03-23 22:17:19,0.0,inf
ORD-821FA7,2025-03-27 19:40:32,SKU-10686,PICKER-07,16.05,2025-03-27 19:42:32,2.0,8.025
ORD-68CE19,2025-03-27 19:52:52,SKU-10648,PICKER-07,5.33,2025-03-27 19:54:52,0.0,inf
ORD-2050E0,2025-03-27 20:28:02,SKU-10471,PICKER-07,23.62,2025-03-27 20:30:02,0.0,inf
ORD-BA2FD3,2025-03-28 20:00:18,SKU-10272,PICKER-07,22.66,2025-03-28 20:02:18,0.0,inf
ORD-A53240,2025-03-28 20:39:57,SKU-10308,PICKER-07,19.09,2025-03-28 20:41:57,0.0,inf
ORD-DB85E2,2025-03-28 21:44:42,SKU-10116,PICKER-07,27.25,2025-03-28 21:46:42,0.0,inf
ORD-851DDF,2025-03-29 19:30:07,SKU-10401,PICKER-07,17.19,2025-03-29 19:32:07,0.0,inf
ORD-076A0C,2025-03-31 18:41:43,SKU-10770,PICKER-07,16.2,2025-03-31 18:43:43,0.0,inf
ORD-9CC138,2025-03-31 19:22:49,SKU-10745,PICKER-07,22.7,2025-03-31 19:24:49,0.0,inf
ORD-B73DFE,2025-04-01 20:20:10,SKU-10240,PICKER-07,26.08,2025-04-01 20:22:10,0.0,inf
ORD-F0E52B,2025-04-02 20:14:56,SKU-10038,PICKER-07,28.75,2025-04-02 20:16:56,0.0,inf
ORD-8EBDA5,2025-04-02 20:56:49,SKU-10504,PICKER-07,8.11,2025-04-02 20:58:49,0.0,inf
ORD-9AD6AA,2025-04-04 17:47:15,SKU-10720,PICKER-07,14.26,2025-04-04 17:49:15,0.0,inf
ORD-9AD6AA,2025-04-04 17:47:15,SKU-10584,PICKER-07,25.44,2025-04-04 17:49:15,0.0,inf
ORD-2291D2,2025-04-07 18:08:51,SKU-10649,PICKER-07,23.21,2025-04-07 18:10:51,0.0,inf
ORD-854D9F,2025-04-08 18:10:40,SKU-10579,PICKER-07,18.58,2025-04-08 18:12:40,0.0,inf
ORD-A7AEED,2025-04-08 18:13:08,SKU-10264,PICKER-07,22.83,2025-04-08 18:15:08,0.0,inf
ORD-68CE19,2025-04-08 19:39:36,SKU-10352,PICKER-07,13.2,2025-04-08 19:41:36,0.0,inf
ORD-6A10BB,2025-04-09 20:17:39,SKU-10315,PICKER-07,21.09,2025-04-09 20:19:39,0.0,inf
ORD-30BB38,2025-04-10 19:25:17,SKU-10570,PICKER-07,28.4,2025-04-10 19:27:17,0.0,inf
ORD-8C7BBB,2025-04-12 19:38:47,SKU-10419,PICKER-07,15.11,2025-04-12 19:40:47,0.0,inf
ORD-217EED,2025-04-12 21:58:54,SKU-10552,PICKER-07,20.85,2025-04-12 22:00:54,0.0,inf
ORD-13F320,2025-04-13 20:37:39,SKU-10656,PICKER-07,16.46,2025-04-13 20:39:39,0.0,inf
ORD-3871BD,2025-04-15 19:40:20,SKU-10547,PICKER-07,10.41,2025-04-15 19:42:20,0.0,inf
ORD-2291D2,2025-04-15 20:59:15,SKU-10157,PICKER-07,25.74,2025-04-15 21:01:15,0.0,inf
ORD-6ACA97,2025-04-17 17:59:46,SKU-10579,PICKER-07,15.14,2025-04-17 18:01:46,0.0,inf
ORD-2D6CC4,2025-04-17 21:47:18,SKU-10691,PICKER-07,7.96,2025-04-17 21:49:18,0.0,inf
ORD-08C543,2025-04-18 17:01:30,SKU-10559,PICKER-07,23.78,2025-04-18 17:03:30,0.0,inf
ORD-08C543,2025-04-18 17:01:30,SKU-10440,PICKER-07,6.53,2025-04-18 17:03:30,0.0,inf
ORD-D7A728,2025-04-18 18:54:01,SKU-10462,PICKER-07,19.47,2025-04-18 18:56:01,0.0,inf
ORD-6766AA,2025-04-18 20:08:41,SKU-10477,PICKER-07,23.77,2025-04-18 20:10:41,0.0,inf
ORD-4E4B5F,2025-04-19 20:01:43,SKU-10194,PICKER-07,19.76,2025-04-19 20:03:43,0.0,inf
ORD-7D04BB,2025-04-19 22:25:18,SKU-10551,PICKER-07,13.5,2025-04-19 22:27:18,0.0,inf
ORD-13F320,2025-04-20 20:01:51,SKU-10459,PICKER-07,28.2,2025-04-20 20:03:51,2.0,14.1
ORD-33E807,2025-04-21 22:12:26,SKU-10185,PICKER-07,24.54,2025-04-21 22:14:26,0.0,inf
ORD-8B16EB,2025-04-22 19:46:40,SKU-10527,PICKER-07,11.09,2025-04-22 19:48:40,0.0,inf
ORD-0D7DE1,2025-04-23 17:04:02,SKU-10794,PICKER-07,29.04,2025-04-23 17:06:02,0.0,inf
ORD-65658F,2025-04-24 18:17:53,SKU-10751,PICKER-07,27.11,2025-04-24 18:19:53,0.0,inf
ORD-DD4585,2025-04-24 20:49:02,SKU-10248,PICKER-07,15.58,2025-04-24 20:51:02,0.0,inf
ORD-CF6735,2025-04-27 21:46:11,SKU-10476,PICKER-07,6.83,2025-04-27 21:48:11,0.0,inf
ORD-C5AB0B,2025-04-29 19:00:43,SKU-10506,PICKER-07,17.28,2025-04-29 19:02:43,0.0,inf
ORD-63538F,2025-04-29 21:28:41,SKU-10256,PICKER-07,10.15,2025-04-29 21:30:41,0.0,inf
ORD-58AE74,2025-04-30 19:07:59,SKU-10766,PICKER-07,12.97,2025-04-30 19:09:59,0.0,inf
ORD-9B72E3,2025-05-01 18:36:15,SKU-10032,PICKER-07,16.54,2025-05-01 18:38:15,0.0,inf
ORD-E94550,2025-05-01 19:20:11,SKU-10786,PICKER-07,16.09,2025-05-01 19:22:11,0.0,inf
ORD-30BB38,2025-05-01 19:45:12,SKU-10094,PICKER-07,10.28,2025-05-01 19:47:12,0.0,inf
ORD-DB85E2,2025-05-03 20:54:04,SKU-10087,PICKER-07,17.23,2025-05-03 20:56:04,0.0,inf
ORD-59B90E,2025-05-05 19:17:49,SKU-10096,PICKER-07,11.21,2025-05-05 19:19:49,1.0,11.21
ORD-A9A1D5,2025-05-07 19:40:24,SKU-10104,PICKER-07,20.19,2025-05-07 19:42:24,0.0,inf
ORD-55743C,2025-05-08 19:41:00,SKU-10655,PICKER-07,29.38,2025-05-08 19:43:00,0.0,inf
ORD-05F971,2025-05-09 18:49:38,SKU-10039,PICKER-07,18.77,2025-05-09 18:51:38,0.0,inf
ORD-8EBDA5,2025-05-09 21:25:01,SKU-10731,PICKER-07,29.31,2025-05-09 21:27:01,0.0,inf
ORD-99BCFC,2025-05-11 19:00:02,SKU-10483,PICKER-07,25.65,2025-05-11 19:02:02,0.0,inf
ORD-246819,2025-05-11 20:20:09,SKU-10227,PICKER-07,21.32,2025-05-11 20:22:09,0.0,inf
ORD-3D2D8C,2025-05-12 19:08:50,SKU-10665,PICKER-07,12.37,2025-05-12 19:10:50,0.0,inf
ORD-9F396F,2025-05-13 21:57:07,SKU-10065,PICKER-07,24.58,2025-05-13 21:59:07,0.0,inf
ORD-17C276,2025-05-14 19:35:13,SKU-10016,PICKER-07,19.02,2025-05-14 19:37:13,0.0,inf
ORD-4E4B5F,2025-05-15 17:20:37,SKU-10012,PICKER-07,6.42,2025-05-15 17:22:37,0.0,inf
ORD-07563A,2025-05-15 19:55:18,SKU-10656,PICKER-07,20.24,2025-05-15 19:57:18,0.0,inf
ORD-30EF30,2025-05-15 22:01:50,SKU-10363,PICKER-07,6.03,2025-05-15 22:03:50,0.0,inf
ORD-4E4B5F,2025-05-16 19:57:55,SKU-10685,PICKER-07,8.07,2025-05-16 19:59:55,0.0,inf
ORD-F79921,2025-05-17 18:41:03,SKU-10712,PICKER-07,6.08,2025-05-17 18:43:03,0.0,inf
ORD-4FFCE0,2025-05-17 21:12:59,SKU-10511,PICKER-07,29.02,2025-05-17 21:14:59,0.0,inf
ORD-6766AA,2025-05-18 21:00:45,SKU-10405,PICKER-07,10.18,2025-05-18 21:02:45,0.0,inf
ORD-DACA41,2025-05-19 18:16:51,SKU-10294,PICKER-07,16.1,2025-05-19 18:18:51,0.0,inf
ORD-8C7BBB,2025-05-19 20:07:39,SKU-10225,PICKER-07,19.39,2025-05-19 20:09:39,0.0,inf
ORD-0D7DE1,2025-05-21 18:43:33,SKU-10182,PICKER-07,20.66,2025-05-21 18:45:33,0.0,inf
ORD-2291D2,2025-05-22 20:14:48,SKU-10654,PICKER-07,20.0,2025-05-22 20:16:48,0.0,inf
ORD-8FECB2,2025-05-23 19:07:15,SKU-10042,PICKER-07,11.17,2025-05-23 19:09:15,1.0,11.17
ORD-DF263D,2025-05-24 22:38:11,SKU-10597,PICKER-07,29.75,2025-05-24 22:40:11,0.0,inf
ORD-ABD815,2025-05-28 16:32:13,SKU-10190,PICKER-07,29.28,2025-05-28 16:34:13,0.0,inf
ORD-B4288D,2025-05-28 22:23:32,SKU-10436,PICKER-07,15.94,2025-05-28 22:25:32,0.0,inf
ORD-0F9661,2025-05-30 19:03:56,SKU-10062,PICKER-07,14.48,2025-05-30 19:05:56,0.0,inf
ORD-ACC3E0,2025-05-31 19:54:35,SKU-10719,PICKER-07,28.15,2025-05-31 19:56:35,0.0,inf
ORD-CA9C26,2025-05-31 20:54:46,SKU-10491,PICKER-07,11.94,2025-05-31 20:56:46,0.0,inf
ORD-19BC91,2025-05-31 21:09:24,SKU-10608,PICKER-07,16.66,2025-05-31 21:11:24,0.0,inf
ORD-28267A,2025-06-01 19:34:23,SKU-10255,PICKER-07,22.51,2025-06-01 19:36:23,0.0,inf
ORD-D70732,2025-06-01 19:58:41,SKU-10487,PICKER-07,25.46,2025-06-01 20:00:41,0.0,inf
ORD-07563A,2025-06-01 20:26:11,SKU-10173,PICKER-07,24.11,2025-06-01 20:28:11,0.0,inf
ORD-1F5089,2025-06-01 20:45:27,SKU-10735,PICKER-07,24.53,2025-06-01 20:47:27,0.0,inf
ORD-0D7DE1,2025-06-01 20:50:05,SKU-10694,PICKER-07,29.39,2025-06-01 20:52:05,0.0,inf
ORD-DF263D,2025-06-02 20:56:48,SKU-10761,PICKER-07,24.96,2025-06-02 20:58:48,0.0,inf
ORD-6766AA,2025-06-03 16:31:38,SKU-10221,PICKER-07,26.32,2025-06-03 16:33:38,4.0,6.58
ORD-7250EB,2025-06-03 18:22:27,SKU-10773,PICKER-07,26.48,2025-06-03 18:24:27,0.0,inf
ORD-04ECB1,2025-06-03 20:31:54,SKU-10079,PICKER-07,29.81,2025-06-03 20:33:54,2.0,14.905
ORD-1728EF,2025-06-05 21:57:57,SKU-10333,PICKER-07,25.28,2025-06-05 21:59:57,0.0,inf
ORD-D6C651,2025-06-06 21:58:09,SKU-10579,PICKER-07,20.52,2025-06-06 22:00:09,0.0,inf
ORD-5E3881,2025-06-06 22:46:29,SKU-10081,PICKER-07,17.69,2025-06-06 22:48:29,0.0,inf
ORD-EDFBE1,2025-06-08 20:23:49,SKU-10769,PICKER-07,7.1,2025-06-08 20:25:49,0.0,inf
ORD-0F9661,2025-06-08 22:21:30,SKU-10602,PICKER-07,5.2,2025-06-08 22:23:30,0.0,inf
ORD-E5841D,2025-06-10 17:37:57,SKU-10150,PICKER-07,20.02,2025-06-10 17:39:57,0.0,inf
ORD-6E2713,2025-06-10 18:06:45,SKU-10629,PICKER-07,25.85,2025-06-10 18:08:45,0.0,inf
ORD-3A0772,2025-06-10 19:07:05,SKU-10520,PICKER-07,7.76,2025-06-10 19:09:05,0.0,inf
ORD-9F396F,2025-06-15 19:44:47,SKU-10107,PICKER-07,15.02,2025-06-15 19:46:47,0.0,inf
ORD-82489C,2025-06-15 19:54:32,SKU-10440,PICKER-07,6.79,2025-06-15 19:56:32,0.0,inf
ORD-EB6FDC,2025-06-16 20:50:37,SKU-10430,PICKER-07,15.27,2025-06-16 20:52:37,0.0,inf
ORD-605FF7,2025-06-17 19:29:18,SKU-10247,PICKER-07,11.91,2025-06-17 19:31:18,0.0,inf
ORD-0D7DE1,2025-06-17 19:40:34,SKU-10284,PICKER-07,12.01,2025-06-17 19:42:34,0.0,inf
ORD-6766AA,2025-06-18 17:25:25,SKU-10493,PICKER-07,12.28,2025-06-18 17:27:25,0.0,inf
ORD-D6C651,2025-06-18 21:31:11,SKU-10676,PICKER-07,6.82,2025-06-18 21:33:11,0.0,inf
ORD-8EEFCF,2025-06-18 21:35:47,SKU-10322,PICKER-07,26.01,2025-06-18 21:37:47,0.0,inf
ORD-5751EC,2025-06-19 18:21:29,SKU-10137,PICKER-07,11.75,2025-06-19 18:23:29,0.0,inf
ORD-67E103,2025-06-19 19:49:27,SKU-10209,PICKER-07,16.76,2025-06-19 19:51:27,0.0,inf
ORD-1AA48F,2025-06-21 18:18:41,SKU-10065,PICKER-07,27.46,2025-06-21 18:20:41,0.0,inf
ORD-0D3180,2025-06-23 20:37:48,SKU-10450,PICKER-07,25.56,2025-06-23 20:39:48,0.0,inf
ORD-884D24,2025-06-24 20:19:33,SKU-10377,PICKER-07,17.78,2025-06-24 20:21:33,0.0,inf
ORD-BA3866,2025-06-29 19:26:19,SKU-10331,PICKER-07,25.35,2025-06-29 19:28:19,0.0,inf
ORD-94C7BB,2025-06-30 17:43:53,SKU-10119,PICKER-07,9.34,2025-06-30 17:45:53,0.0,inf
ORD-548731,2025-06-30 18:11:27,SKU-10357,PICKER-07,22.58,2025-06-30 18:13:27,0.0,inf
ORD-E7F8A7,2025-07-01 20:17:52,SKU-10081,PICKER-07,8.47,2025-07-01 20:19:52,0.0,inf
ORD-7750CA,2025-07-03 16:42:59,SKU-10689,PICKER-07,11.8,2025-07-03 16:44:59,0.0,inf
ORD-9C82C7,2025-07-03 18:15:20,SKU-10318,PICKER-07,10.7,2025-07-03 18:17:20,0.0,inf
ORD-7C590F,2025-07-03 19:26:08,SKU-10325,PICKER-07,24.36,2025-07-03 19:28:08,0.0,inf
ORD-D516B1,2025-07-03 20:21:15,SKU-10712,PICKER-07,6.47,2025-07-03 20:23:15,0.0,inf
ORD-443CB0,2025-07-03 20:46:52,SKU-10459,PICKER-07,10.57,2025-07-03 20:48:52,0.0,inf
ORD-0537FB,2025-07-04 20:15:55,SKU-10370,PICKER-07,19.59,2025-07-04 20:17:55,0.0,inf
ORD-B4A528,2025-07-05 18:44:25,SKU-10510,PICKER-07,9.19,2025-07-05 18:46:25,0.0,inf
ORD-A733FA,2025-07-05 19:14:53,SKU-10412,PICKER-07,19.39,2025-07-05 19:16:53,0.0,inf
ORD-94C7BB,2025-07-05 20:03:41,SKU-10171,PICKER-07,29.62,2025-07-05 20:05:41,0.0,inf
ORD-4E0928,2025-07-05 20:24:19,SKU-10437,PICKER-07,24.79,2025-07-05 20:26:19,0.0,inf
ORD-11B921,2025-07-06 16:57:10,SKU-10314,PICKER-07,16.53,2025-07-06 16:59:10,0.0,inf
ORD-F1C159,2025-07-06 19:59:02,SKU-10331,PICKER-07,26.17,2025-07-06 20:01:02,0.0,inf
ORD-ABD815,2025-07-07 20:44:06,SKU-10283,PICKER-07,5.73,2025-07-07 20:46:06,0.0,inf
ORD-5F2C22,2025-07-07 21:06:07,SKU-10090,PICKER-07,12.65,2025-07-07 21:08:07,0.0,inf
ORD-68264B,2025-07-08 17:57:10,SKU-10571,PICKER-07,10.3,2025-07-08 17:59:10,0.0,inf
ORD-D6C651,2025-07-10 19:25:19,SKU-10085,PICKER-07,9.38,2025-07-10 19:27:19,0.0,inf
ORD-185C29,2025-07-11 19:24:49,SKU-10781,PICKER-07,24.13,2025-07-11 19:26:49,0.0,inf
ORD-26DD0D,2025-07-12 17:56:46,SKU-10324,PICKER-07,9.2,2025-07-12 17:58:46,0.0,inf
ORD-076A0C,2025-07-12 19:05:31,SKU-10316,PICKER-07,28.91,2025-07-12 19:07:31,0.0,inf
ORD-076A0C,2025-07-12 19:05:31,SKU-10275,PICKER-07,27.22,2025-07-12 19:07:31,0.0,inf
ORD-C06D06,2025-07-12 19:19:45,SKU-10014,PICKER-07,26.9,2025-07-12 19:21:45,0.0,inf
ORD-3328BD,2025-07-13 21:40:26,SKU-10051,PICKER-07,13.41,2025-07-13 21:42:26,0.0,inf
ORD-50C3D7,2025-07-16 21:19:29,SKU-10520,PICKER-07,23.31,2025-07-16 21:21:29,1.0,23.31
ORD-E94550,2025-07-17 19:25:26,SKU-10289,PICKER-07,6.3,2025-07-17 19:27:26,0.0,inf
ORD-851DDF,2025-07-19 20:55:06,SKU-10167,PICKER-07,17.56,2025-07-19 20:57:06,1.0,17.56
ORD-C15DA1,2025-07-20 17:52:57,SKU-10759,PICKER-07,10.37,2025-07-20 17:54:57,0.0,inf
ORD-0F9661,2025-07-22 18:33:12,SKU-10321,PICKER-07,29.06,2025-07-22 18:35:12,0.0,inf
ORD-F64EAC,2025-07-22 19:29:31,SKU-10186,PICKER-07,28.99,2025-07-22 19:31:31,0.0,inf
ORD-9C82C7,2025-07-23 17:01:10,SKU-10126,PICKER-07,23.45,2025-07-23 17:03:10,0.0,inf
ORD-5F0F5E,2025-07-23 20:47:25,SKU-10783,PICKER-07,24.18,2025-07-23 20:49:25,0.0,inf
ORD-3A835D,2025-07-24 17:53:12,SKU-10184,PICKER-07,29.47,2025-07-24 17:55:12,0.0,inf
ORD-1595AF,2025-07-25 21:58:33,SKU-10741,PICKER-07,29.9,2025-07-25 22:00:33,0.0,inf
ORD-8C7BBB,2025-07-27 18:04:11,SKU-10450,PICKER-07,14.01,2025-07-27 18:06:11,0.0,inf
ORD-4C27CE,2025-07-29 17:01:18,SKU-10764,PICKER-07,29.06,2025-07-29 17:03:18,1.0,29.06
ORD-5E9F92,2025-07-30 19:29:36,SKU-10567,PICKER-07,22.94,2025-07-30 19:31:36,0.0,inf
ORD-EDFBE1,2025-07-30 21:45:41,SKU-10086,PICKER-07,18.37,2025-07-30 21:47:41,0.0,inf
ORD-B056EB,2025-07-30 21:55:43,SKU-10624,PICKER-07,19.72,2025-07-30 21:57:43,0.0,inf
ORD-3871BD,2025-07-31 16:36:29,SKU-10246,PICKER-07,24.83,2025-07-31 16:38:29,0.0,inf
ORD-3A835D,2025-07-31 20:19:33,SKU-10376,PICKER-07,16.94,2025-07-31 20:21:33,0.0,inf
ORD-FB8970,2025-08-01 22:01:38,SKU-10107,PICKER-07,16.98,2025-08-01 22:03:38,0.0,inf
ORD-26408F,2025-08-02 19:09:28,SKU-10642,PICKER-07,5.34,2025-08-02 19:11:28,0.0,inf
ORD-349389,2025-08-02 21:33:04,SKU-10442,PICKER-07,18.11,2025-08-02 21:35:04,0.0,inf
ORD-23CE18,2025-08-03 21:08:15,SKU-10371,PICKER-07,22.04,2025-08-03 21:10:15,0.0,inf
ORD-851DDF,2025-08-07 17:59:25,SKU-10431,PICKER-07,7.17,2025-08-07 18:01:25,0.0,inf
ORD-291597,2025-08-08 18:06:25,SKU-10600,PICKER-07,12.48,2025-08-08 18:08:25,0.0,inf
ORD-B73DFE,2025-08-08 20:47:04,SKU-10798,PICKER-07,8.6,2025-08-08 20:49:04,0.0,inf
ORD-BF6276,2025-08-09 20:25:46,SKU-10356,PICKER-07,28.84,2025-08-09 20:27:46,0.0,inf
ORD-08419B,2025-08-10 17:50:53,SKU-10667,PICKER-07,6.42,2025-08-10 17:52:53,0.0,inf
ORD-30EF30,2025-08-10 21:44:45,SKU-10157,PICKER-07,25.94,2025-08-10 21:46:45,0.0,inf
ORD-5E9F92,2025-08-11 20:55:05,SKU-10057,PICKER-07,28.24,2025-08-11 20:57:05,5.0,5.648
ORD-D6C651,2025-08-12 21:40:31,SKU-10513,PICKER-07,9.18,2025-08-12 21:42:31,0.0,inf
ORD-0FF803,2025-08-13 19:04:05,SKU-10203,PICKER-07,18.85,2025-08-13 19:06:05,0.0,inf
ORD-0FF803,2025-08-13 19:04:05,SKU-10093,PICKER-07,27.84,2025-08-13 19:06:05,0.0,inf
ORD-67E103,2025-08-13 20:32:46,SKU-10385,PICKER-07,15.29,2025-08-13 20:34:46,0.0,inf
ORD-71A3CB,2025-08-14 18:51:22,SKU-10299,PICKER-07,24.35,2025-08-14 18:53:22,0.0,inf
ORD-0FF803,2025-08-16 19:08:58,SKU-10315,PICKER-07,6.05,2025-08-16 19:10:58,0.0,inf
ORD-5807A6,2025-08-16 20:45:54,SKU-10054,PICKER-07,10.57,2025-08-16 20:47:54,0.0,inf
ORD-884D24,2025-08-16 21:26:03,SKU-10255,PICKER-07,13.4,2025-08-16 21:28:03,0.0,inf
ORD-246819,2025-08-16 21:43:11,SKU-10311,PICKER-07,22.9,2025-08-16 21:45:11,0.0,inf
ORD-D840CC,2025-08-21 19:32:09,SKU-10047,PICKER-07,28.51,2025-08-21 19:34:09,0.0,inf
ORD-884D24,2025-08-22 18:48:30,SKU-10277,PICKER-07,19.47,2025-08-22 18:50:30,0.0,inf
ORD-E49B8B,2025-08-24 19:53:33,SKU-10049,PICKER-07,20.51,2025-08-24 19:55:33,0.0,inf
ORD-EEFC9E,2025-08-26 19:25:58,SKU-10397,PICKER-07,22.34,2025-08-26 19:27:58,0.0,inf
ORD-3621F1,2025-08-27 18:11:48,SKU-10003,PICKER-07,21.34,2025-08-27 18:13:48,0.0,inf
ORD-7143D7,2025-08-27 19:39:06,SKU-10590,PICKER-07,10.12,2025-08-27 19:41:06,0.0,inf
ORD-26DD0D,2025-08-27 21:55:44,SKU-10563,PICKER-07,11.06,2025-08-27 21:57:44,0.0,inf
ORD-EB6FDC,2025-08-30 17:21:36,SKU-10688,PICKER-07,6.41,2025-08-30 17:23:36,0.0,inf
ORD-FB8970,2025-08-30 21:58:09,SKU-10201,PICKER-07,25.63,2025-08-30 22:00:09,0.0,inf
ORD-EAAE33,2025-09-01 19:11:32,SKU-10592,PICKER-07,22.1,2025-09-01 19:13:32,0.0,inf
ORD-5C0492,2025-09-01 21:49:44,SKU-10148,PICKER-07,15.99,2025-09-01 21:51:44,0.0,inf
ORD-0D7DE1,2025-09-02 19:38:43,SKU-10192,PICKER-07,5.45,2025-09-02 19:40:43,0.0,inf
ORD-301AD0,2025-09-03 22:50:51,SKU-10559,PICKER-07,12.77,2025-09-03 22:52:51,0.0,inf
ORD-45645A,2025-09-04 19:29:53,SKU-10595,PICKER-07,29.81,2025-09-04 19:31:53,0.0,inf
ORD-61B4A6,2025-09-05 19:30:15,SKU-10096,PICKER-07,19.55,2025-09-05 19:32:15,0.0,inf
ORD-58D4D1,2025-09-05 21:28:53,SKU-10165,PICKER-07,23.91,2025-09-05 21:30:53,0.0,inf
ORD-BE3159,2025-09-06 19:08:03,SKU-10234,PICKER-07,24.49,2025-09-06 19:10:03,2.0,12.245
ORD-DD4504,2025-09-06 22:32:14,SKU-10623,PICKER-07,12.03,2025-09-06 22:34:14,0.0,inf
ORD-8FECB2,2025-09-09 19:03:54,SKU-10136,PICKER-07,22.29,2025-09-09 19:05:54,0.0,inf
ORD-71A3CB,2025-09-09 20:09:36,SKU-10406,PICKER-07,14.47,2025-09-09 20:11:36,0.0,inf
ORD-DC5689,2025-09-10 20:00:51,SKU-10193,PICKER-07,5.64,2025-09-10 20:02:51,0.0,inf
ORD-CCB098,2025-09-10 20:23:33,SKU-10576,PICKER-07,25.41,2025-09-10 20:25:33,0.0,inf
ORD-EB6FDC,2025-09-10 21:16:45,SKU-10129,PICKER-07,20.96,2025-09-10 21:18:45,3.0,6.986666666666667
ORD-E07413,2025-09-10 21:55:52,SKU-10644,PICKER-07,28.21,2025-09-10 21:57:52,0.0,inf
ORD-1ECFB4,2025-09-10 23:09:47,SKU-10167,PICKER-07,20.22,2025-09-10 23:11:47,0.0,inf
ORD-08D986,2025-09-11 20:12:37,SKU-10688,PICKER-07,26.43,2025-09-11 20:14:37,0.0,inf
ORD-0CB929,2025-09-11 20:58:47,SKU-10623,PICKER-07,6.17,2025-09-11 21:00:47,0.0,inf
ORD-48AB2F,2025-09-13 21:57:08,SKU-10778,PICKER-07,10.86,2025-09-13 21:59:08,0.0,inf
ORD-7F1171,2025-09-14 18:14:13,SKU-10654,PICKER-07,18.89,2025-09-14 18:16:13,0.0,inf
ORD-D840CC,2025-09-15 22:28:25,SKU-10110,PICKER-07,20.76,2025-09-15 22:30:25,0.0,inf
ORD-72DA7F,2025-09-15 22:28:51,SKU-10771,PICKER-07,13.11,2025-09-15 22:30:51,0.0,inf
ORD-5C0492,2025-09-17 18:54:30,SKU-10268,PICKER-07,8.46,2025-09-17 18:56:30,0.0,inf
ORD-2DACE7,2025-09-17 19:18:19,SKU-10727,PICKER-07,22.69,2025-09-17 19:20:19,0.0,inf
ORD-6C2979,2025-09-17 21:19:55,SKU-10337,PICKER-07,5.31,2025-09-17 21:21:55,0.0,inf
ORD-43FEAE,2025-09-20 22:01:11,SKU-10519,PICKER-07,15.08,2025-09-20 22:03:11,0.0,inf
